京急大師線,下り,582,普通,小島新田,507,平日,京急川崎,発,507
京急大師線,下り,582,普通,小島新田,507,平日,港町,発,510
京急大師線,下り,582,普通,小島新田,507,平日,鈴木町,発,511
京急大師線,下り,582,普通,小島新田,507,平日,川崎大師,発,512
京急大師線,下り,582,普通,小島新田,507,平日,東門前,発,514
京急大師線,下り,582,普通,小島新田,507,平日,大師橋,発,515
京急大師線,下り,582,普通,小島新田,507,平日,小島新田,着,517
京急大師線,下り,586,普通,小島新田,527,平日,京急川崎,発,527
京急大師線,下り,586,普通,小島新田,527,平日,港町,発,530
京急大師線,下り,586,普通,小島新田,527,平日,鈴木町,発,531
京急大師線,下り,586,普通,小島新田,527,平日,川崎大師,発,532
京急大師線,下り,586,普通,小島新田,527,平日,東門前,発,534
京急大師線,下り,586,普通,小島新田,527,平日,大師橋,発,353
京急大師線,下り,586,普通,小島新田,527,平日,小島新田,着,537
京急大師線,下り,582X,普通,小島新田,538,平日,京急川崎,発,538
京急大師線,下り,582X,普通,小島新田,538,平日,港町,発,541
京急大師線,下り,582X,普通,小島新田,538,平日,鈴木町,発,542
京急大師線,下り,582X,普通,小島新田,538,平日,川崎大師,発,543
京急大師線,下り,582X,普通,小島新田,538,平日,東門前,発,545
京急大師線,下り,582X,普通,小島新田,538,平日,大師橋,発,546
京急大師線,下り,582X,普通,小島新田,538,平日,小島新田,着,548
京急大師線,下り,586X,普通,小島新田,554,平日,京急川崎,発,554
京急大師線,下り,586X,普通,小島新田,554,平日,港町,発,557
京急大師線,下り,586X,普通,小島新田,554,平日,鈴木町,発,558
京急大師線,下り,586X,普通,小島新田,554,平日,川崎大師,発,559
京急大師線,下り,586X,普通,小島新田,554,平日,東門前,発,601
京急大師線,下り,586X,普通,小島新田,554,平日,大師橋,発,602
京急大師線,下り,586X,普通,小島新田,554,平日,小島新田,着,604
京急大師線,下り,682,普通,小島新田,605,平日,京急川崎,発,605
京急大師線,下り,682,普通,小島新田,605,平日,港町,発,608
京急大師線,下り,682,普通,小島新田,605,平日,鈴木町,発,609
京急大師線,下り,682,普通,小島新田,605,平日,川崎大師,発,610
京急大師線,下り,682,普通,小島新田,605,平日,東門前,発,612
京急大師線,下り,682,普通,小島新田,605,平日,大師橋,発,613
京急大師線,下り,682,普通,小島新田,605,平日,小島新田,着,615
京急大師線,下り,684,普通,小島新田,612,平日,京急川崎,発,612
京急大師線,下り,684,普通,小島新田,612,平日,港町,発,615
京急大師線,下り,684,普通,小島新田,612,平日,鈴木町,発,616
京急大師線,下り,684,普通,小島新田,612,平日,川崎大師,発,617
京急大師線,下り,684,普通,小島新田,612,平日,東門前,発,619
京急大師線,下り,684,普通,小島新田,612,平日,大師橋,発,620
京急大師線,下り,684,普通,小島新田,612,平日,小島新田,着,622
京急大師線,下り,686,普通,小島新田,621,平日,京急川崎,発,621
京急大師線,下り,686,普通,小島新田,621,平日,港町,発,624
京急大師線,下り,686,普通,小島新田,621,平日,鈴木町,発,625
京急大師線,下り,686,普通,小島新田,621,平日,川崎大師,発,626
京急大師線,下り,686,普通,小島新田,621,平日,東門前,発,628
京急大師線,下り,686,普通,小島新田,621,平日,大師橋,発,629
京急大師線,下り,686,普通,小島新田,621,平日,小島新田,着,631
京急大師線,下り,682X,普通,小島新田,632,平日,京急川崎,発,632
京急大師線,下り,682X,普通,小島新田,632,平日,港町,発,635
京急大師線,下り,682X,普通,小島新田,632,平日,鈴木町,発,636
京急大師線,下り,682X,普通,小島新田,632,平日,川崎大師,発,637
京急大師線,下り,682X,普通,小島新田,632,平日,東門前,発,639
京急大師線,下り,682X,普通,小島新田,632,平日,大師橋,発,640
京急大師線,下り,682X,普通,小島新田,632,平日,小島新田,着,642
京急大師線,下り,684X,普通,小島新田,640,平日,京急川崎,発,640
京急大師線,下り,684X,普通,小島新田,640,平日,港町,発,643
京急大師線,下り,684X,普通,小島新田,640,平日,鈴木町,発,644
京急大師線,下り,684X,普通,小島新田,640,平日,川崎大師,発,645
京急大師線,下り,684X,普通,小島新田,640,平日,東門前,発,647
京急大師線,下り,684X,普通,小島新田,640,平日,大師橋,発,648
京急大師線,下り,684X,普通,小島新田,640,平日,小島新田,着,650
京急大師線,下り,686X,普通,小島新田,648,平日,京急川崎,発,648
京急大師線,下り,686X,普通,小島新田,648,平日,港町,発,651
京急大師線,下り,686X,普通,小島新田,648,平日,鈴木町,発,653
京急大師線,下り,686X,普通,小島新田,648,平日,川崎大師,発,654
京急大師線,下り,686X,普通,小島新田,648,平日,東門前,発,656
京急大師線,下り,686X,普通,小島新田,648,平日,大師橋,発,657
京急大師線,下り,686X,普通,小島新田,648,平日,小島新田,着,658
京急大師線,下り,680,普通,小島新田,654,平日,京急川崎,発,654
京急大師線,下り,680,普通,小島新田,654,平日,港町,発,657
京急大師線,下り,680,普通,小島新田,654,平日,鈴木町,発,658
京急大師線,下り,680,普通,小島新田,654,平日,川崎大師,発,659
京急大師線,下り,680,普通,小島新田,654,平日,東門前,発,701
京急大師線,下り,680,普通,小島新田,654,平日,大師橋,発,702
京急大師線,下り,680,普通,小島新田,654,平日,小島新田,着,704
京急大師線,下り,682Y,普通,小島新田,659,平日,京急川崎,発,659
京急大師線,下り,682Y,普通,小島新田,659,平日,港町,発,702
京急大師線,下り,682Y,普通,小島新田,659,平日,鈴木町,発,704
京急大師線,下り,682Y,普通,小島新田,659,平日,川崎大師,発,705
京急大師線,下り,682Y,普通,小島新田,659,平日,東門前,発,707
京急大師線,下り,682Y,普通,小島新田,659,平日,大師橋,発,708
京急大師線,下り,682Y,普通,小島新田,659,平日,小島新田,着,709
京急大師線,下り,788,普通,小島新田,705,平日,京急川崎,発,705
京急大師線,下り,788,普通,小島新田,705,平日,港町,発,708
京急大師線,下り,788,普通,小島新田,705,平日,鈴木町,発,709
京急大師線,下り,788,普通,小島新田,705,平日,川崎大師,発,710
京急大師線,下り,788,普通,小島新田,705,平日,東門前,発,712
京急大師線,下り,788,普通,小島新田,705,平日,大師橋,発,713
京急大師線,下り,788,普通,小島新田,705,平日,小島新田,着,715
京急大師線,下り,784,普通,小島新田,710,平日,京急川崎,発,710
京急大師線,下り,784,普通,小島新田,710,平日,港町,発,713
京急大師線,下り,784,普通,小島新田,710,平日,鈴木町,発,715
京急大師線,下り,784,普通,小島新田,710,平日,川崎大師,発,716
京急大師線,下り,784,普通,小島新田,710,平日,東門前,発,718
京急大師線,下り,784,普通,小島新田,710,平日,大師橋,発,719
京急大師線,下り,784,普通,小島新田,710,平日,小島新田,着,720
京急大師線,下り,786,普通,小島新田,716,平日,京急川崎,発,716
京急大師線,下り,786,普通,小島新田,716,平日,港町,発,719
京急大師線,下り,786,普通,小島新田,716,平日,鈴木町,発,720
京急大師線,下り,786,普通,小島新田,716,平日,川崎大師,発,821
京急大師線,下り,786,普通,小島新田,716,平日,東門前,発,723
京急大師線,下り,786,普通,小島新田,716,平日,大師橋,発,724
京急大師線,下り,786,普通,小島新田,716,平日,小島新田,着,726
京急大師線,下り,780,普通,小島新田,721,平日,京急川崎,発,721
京急大師線,下り,780,普通,小島新田,721,平日,港町,発,724
京急大師線,下り,780,普通,小島新田,721,平日,鈴木町,発,726
京急大師線,下り,780,普通,小島新田,721,平日,川崎大師,発,727
京急大師線,下り,780,普通,小島新田,721,平日,東門前,発,729
京急大師線,下り,780,普通,小島新田,721,平日,大師橋,発,730
京急大師線,下り,780,普通,小島新田,721,平日,小島新田,着,731
京急大師線,下り,782,普通,小島新田,727,平日,京急川崎,発,727
京急大師線,下り,782,普通,小島新田,727,平日,港町,発,730
京急大師線,下り,782,普通,小島新田,727,平日,鈴木町,発,731
京急大師線,下り,782,普通,小島新田,727,平日,川崎大師,発,732
京急大師線,下り,782,普通,小島新田,727,平日,東門前,発,734
京急大師線,下り,782,普通,小島新田,727,平日,大師橋,発,735
京急大師線,下り,782,普通,小島新田,727,平日,小島新田,着,737
京急大師線,下り,788X,普通,小島新田,732,平日,京急川崎,発,732
京急大師線,下り,788X,普通,小島新田,732,平日,港町,発,735
京急大師線,下り,788X,普通,小島新田,732,平日,鈴木町,発,737
京急大師線,下り,788X,普通,小島新田,732,平日,川崎大師,発,738
京急大師線,下り,788X,普通,小島新田,732,平日,東門前,発,740
京急大師線,下り,788X,普通,小島新田,732,平日,大師橋,発,741
京急大師線,下り,788X,普通,小島新田,732,平日,小島新田,着,742
京急大師線,下り,784X,普通,小島新田,738,平日,京急川崎,発,738
京急大師線,下り,784X,普通,小島新田,738,平日,港町,発,841
京急大師線,下り,784X,普通,小島新田,738,平日,鈴木町,発,742
京急大師線,下り,784X,普通,小島新田,738,平日,川崎大師,発,743
京急大師線,下り,784X,普通,小島新田,738,平日,東門前,発,745
京急大師線,下り,784X,普通,小島新田,738,平日,大師橋,発,746
京急大師線,下り,784X,普通,小島新田,738,平日,小島新田,着,748
京急大師線,下り,786X,普通,小島新田,743,平日,京急川崎,発,743
京急大師線,下り,786X,普通,小島新田,743,平日,港町,発,746
京急大師線,下り,786X,普通,小島新田,743,平日,鈴木町,発,748
京急大師線,下り,786X,普通,小島新田,743,平日,川崎大師,発,749
京急大師線,下り,786X,普通,小島新田,743,平日,東門前,発,751
京急大師線,下り,786X,普通,小島新田,743,平日,大師橋,発,752
京急大師線,下り,786X,普通,小島新田,743,平日,小島新田,着,753
京急大師線,下り,780X,普通,小島新田,749,平日,京急川崎,発,749
京急大師線,下り,780X,普通,小島新田,749,平日,港町,発,752
京急大師線,下り,780X,普通,小島新田,749,平日,鈴木町,発,753
京急大師線,下り,780X,普通,小島新田,749,平日,川崎大師,発,754
京急大師線,下り,780X,普通,小島新田,749,平日,東門前,発,756
京急大師線,下り,780X,普通,小島新田,749,平日,大師橋,発,757
京急大師線,下り,780X,普通,小島新田,749,平日,小島新田,着,759
京急大師線,下り,782X,普通,小島新田,754,平日,京急川崎,発,754
京急大師線,下り,782X,普通,小島新田,754,平日,港町,発,757
京急大師線,下り,782X,普通,小島新田,754,平日,鈴木町,発,759
京急大師線,下り,782X,普通,小島新田,754,平日,川崎大師,発,800
京急大師線,下り,782X,普通,小島新田,754,平日,東門前,発,802
京急大師線,下り,782X,普通,小島新田,754,平日,大師橋,発,803
京急大師線,下り,782X,普通,小島新田,754,平日,小島新田,着,804
京急大師線,下り,888,普通,小島新田,800,平日,京急川崎,発,800
京急大師線,下り,888,普通,小島新田,800,平日,港町,発,803
京急大師線,下り,888,普通,小島新田,800,平日,鈴木町,発,804
京急大師線,下り,888,普通,小島新田,800,平日,川崎大師,発,805
京急大師線,下り,888,普通,小島新田,800,平日,東門前,発,807
京急大師線,下り,888,普通,小島新田,800,平日,大師橋,発,808
京急大師線,下り,888,普通,小島新田,800,平日,小島新田,着,810
京急大師線,下り,884,普通,小島新田,805,平日,京急川崎,発,805
京急大師線,下り,884,普通,小島新田,805,平日,港町,発,808
京急大師線,下り,884,普通,小島新田,805,平日,鈴木町,発,810
京急大師線,下り,884,普通,小島新田,805,平日,川崎大師,発,811
京急大師線,下り,884,普通,小島新田,805,平日,東門前,発,813
京急大師線,下り,884,普通,小島新田,805,平日,大師橋,発,814
京急大師線,下り,884,普通,小島新田,805,平日,小島新田,着,815
京急大師線,下り,886,普通,小島新田,811,平日,京急川崎,発,811
京急大師線,下り,886,普通,小島新田,811,平日,港町,発,814
京急大師線,下り,886,普通,小島新田,811,平日,鈴木町,発,815
京急大師線,下り,886,普通,小島新田,811,平日,川崎大師,発,816
京急大師線,下り,886,普通,小島新田,811,平日,東門前,発,818
京急大師線,下り,886,普通,小島新田,811,平日,大師橋,発,819
京急大師線,下り,886,普通,小島新田,811,平日,小島新田,着,821
京急大師線,下り,880,普通,小島新田,816,平日,京急川崎,発,816
京急大師線,下り,880,普通,小島新田,816,平日,港町,発,819
京急大師線,下り,880,普通,小島新田,816,平日,鈴木町,発,821
京急大師線,下り,880,普通,小島新田,816,平日,川崎大師,発,822
京急大師線,下り,880,普通,小島新田,816,平日,東門前,発,824
京急大師線,下り,880,普通,小島新田,816,平日,大師橋,発,825
京急大師線,下り,880,普通,小島新田,816,平日,小島新田,着,826
京急大師線,下り,882,普通,小島新田,822,平日,京急川崎,発,822
京急大師線,下り,882,普通,小島新田,822,平日,港町,発,825
京急大師線,下り,882,普通,小島新田,822,平日,鈴木町,発,826
京急大師線,下り,882,普通,小島新田,822,平日,川崎大師,発,827
京急大師線,下り,882,普通,小島新田,822,平日,東門前,発,829
京急大師線,下り,882,普通,小島新田,822,平日,大師橋,発,830
京急大師線,下り,882,普通,小島新田,822,平日,小島新田,着,832
京急大師線,下り,888X,普通,小島新田,827,平日,京急川崎,発,827
京急大師線,下り,888X,普通,小島新田,827,平日,港町,発,830
京急大師線,下り,888X,普通,小島新田,827,平日,鈴木町,発,832
京急大師線,下り,888X,普通,小島新田,827,平日,川崎大師,発,833
京急大師線,下り,888X,普通,小島新田,827,平日,東門前,発,835
京急大師線,下り,888X,普通,小島新田,827,平日,大師橋,発,836
京急大師線,下り,888X,普通,小島新田,827,平日,小島新田,着,837
京急大師線,下り,884X,普通,小島新田,833,平日,京急川崎,発,833
京急大師線,下り,884X,普通,小島新田,833,平日,港町,発,836
京急大師線,下り,884X,普通,小島新田,833,平日,鈴木町,発,837
京急大師線,下り,884X,普通,小島新田,833,平日,川崎大師,発,839
京急大師線,下り,884X,普通,小島新田,833,平日,東門前,発,840
京急大師線,下り,884X,普通,小島新田,833,平日,大師橋,発,842
京急大師線,下り,884X,普通,小島新田,833,平日,小島新田,着,843
京急大師線,下り,880X,普通,小島新田,844,平日,京急川崎,発,844
京急大師線,下り,880X,普通,小島新田,844,平日,港町,発,847
京急大師線,下り,880X,普通,小島新田,844,平日,鈴木町,発,848
京急大師線,下り,880X,普通,小島新田,844,平日,川崎大師,発,849
京急大師線,下り,880X,普通,小島新田,844,平日,東門前,発,851
京急大師線,下り,880X,普通,小島新田,844,平日,大師橋,発,852
京急大師線,下り,880X,普通,小島新田,844,平日,小島新田,着,854
京急大師線,下り,882X,普通,小島新田,854,平日,京急川崎,発,854
京急大師線,下り,882X,普通,小島新田,854,平日,港町,発,857
京急大師線,下り,882X,普通,小島新田,854,平日,鈴木町,発,859
京急大師線,下り,882X,普通,小島新田,854,平日,川崎大師,発,900
京急大師線,下り,882X,普通,小島新田,854,平日,東門前,発,902
京急大師線,下り,882X,普通,小島新田,854,平日,大師橋,発,903
京急大師線,下り,882X,普通,小島新田,854,平日,小島新田,着,904
京急大師線,下り,984,普通,小島新田,905,平日,京急川崎,発,905
京急大師線,下り,984,普通,小島新田,905,平日,港町,発,908
京急大師線,下り,984,普通,小島新田,905,平日,鈴木町,発,909
京急大師線,下り,984,普通,小島新田,905,平日,川崎大師,発,910
京急大師線,下り,984,普通,小島新田,905,平日,東門前,発,912
京急大師線,下り,984,普通,小島新田,905,平日,大師橋,発,913
京急大師線,下り,984,普通,小島新田,905,平日,小島新田,着,915
京急大師線,下り,980,普通,小島新田,915,平日,京急川崎,発,915
京急大師線,下り,980,普通,小島新田,915,平日,港町,発,918
京急大師線,下り,980,普通,小島新田,915,平日,鈴木町,発,919
京急大師線,下り,980,普通,小島新田,915,平日,川崎大師,発,920
京急大師線,下り,980,普通,小島新田,915,平日,東門前,発,922
京急大師線,下り,980,普通,小島新田,915,平日,大師橋,発,923
京急大師線,下り,980,普通,小島新田,915,平日,小島新田,着,925
京急大師線,下り,982,普通,小島新田,925,平日,京急川崎,発,925
京急大師線,下り,982,普通,小島新田,925,平日,港町,発,928
京急大師線,下り,982,普通,小島新田,925,平日,鈴木町,発,929
京急大師線,下り,982,普通,小島新田,925,平日,川崎大師,発,930
京急大師線,下り,982,普通,小島新田,925,平日,東門前,発,932
京急大師線,下り,982,普通,小島新田,925,平日,大師橋,発,933
京急大師線,下り,982,普通,小島新田,925,平日,小島新田,着,935
京急大師線,下り,984X,普通,小島新田,935,平日,京急川崎,発,935
京急大師線,下り,984X,普通,小島新田,935,平日,港町,発,938
京急大師線,下り,984X,普通,小島新田,935,平日,鈴木町,発,939
京急大師線,下り,984X,普通,小島新田,935,平日,川崎大師,発,940
京急大師線,下り,984X,普通,小島新田,935,平日,東門前,発,942
京急大師線,下り,984X,普通,小島新田,935,平日,大師橋,発,943
京急大師線,下り,984X,普通,小島新田,935,平日,小島新田,着,945
京急大師線,下り,980X,普通,小島新田,945,平日,京急川崎,発,945
京急大師線,下り,980X,普通,小島新田,945,平日,港町,発,948
京急大師線,下り,980X,普通,小島新田,945,平日,鈴木町,発,949
京急大師線,下り,980X,普通,小島新田,945,平日,川崎大師,発,950
京急大師線,下り,980X,普通,小島新田,945,平日,東門前,発,952
京急大師線,下り,980X,普通,小島新田,945,平日,大師橋,発,953
京急大師線,下り,980X,普通,小島新田,945,平日,小島新田,着,955
京急大師線,下り,982X,普通,小島新田,955,平日,京急川崎,発,955
京急大師線,下り,982X,普通,小島新田,955,平日,港町,発,958
京急大師線,下り,982X,普通,小島新田,955,平日,鈴木町,発,959
京急大師線,下り,982X,普通,小島新田,955,平日,川崎大師,発,1000
京急大師線,下り,982X,普通,小島新田,955,平日,東門前,発,1002
京急大師線,下り,982X,普通,小島新田,955,平日,大師橋,発,1003
京急大師線,下り,982X,普通,小島新田,955,平日,小島新田,着,1005
京急大師線,下り,1084,普通,小島新田,1005,平日,京急川崎,発,1005
京急大師線,下り,1084,普通,小島新田,1005,平日,港町,発,1008
京急大師線,下り,1084,普通,小島新田,1005,平日,鈴木町,発,1009
京急大師線,下り,1084,普通,小島新田,1005,平日,川崎大師,発,1010
京急大師線,下り,1084,普通,小島新田,1005,平日,東門前,発,1012
京急大師線,下り,1084,普通,小島新田,1005,平日,大師橋,発,1013
京急大師線,下り,1084,普通,小島新田,1005,平日,小島新田,着,1015
京急大師線,下り,1080,普通,小島新田,1015,平日,京急川崎,発,1015
京急大師線,下り,1080,普通,小島新田,1015,平日,港町,発,1018
京急大師線,下り,1080,普通,小島新田,1015,平日,鈴木町,発,1019
京急大師線,下り,1080,普通,小島新田,1015,平日,川崎大師,発,1020
京急大師線,下り,1080,普通,小島新田,1015,平日,東門前,発,1022
京急大師線,下り,1080,普通,小島新田,1015,平日,大師橋,発,1023
京急大師線,下り,1080,普通,小島新田,1015,平日,小島新田,着,1025
京急大師線,下り,1082,普通,小島新田,1025,平日,京急川崎,発,1025
京急大師線,下り,1082,普通,小島新田,1025,平日,港町,発,1028
京急大師線,下り,1082,普通,小島新田,1025,平日,鈴木町,発,1029
京急大師線,下り,1082,普通,小島新田,1025,平日,川崎大師,発,1030
京急大師線,下り,1082,普通,小島新田,1025,平日,東門前,発,1032
京急大師線,下り,1082,普通,小島新田,1025,平日,大師橋,発,1033
京急大師線,下り,1082,普通,小島新田,1025,平日,小島新田,着,1035
京急大師線,下り,1084X,普通,小島新田,1035,平日,京急川崎,発,1035
京急大師線,下り,1084X,普通,小島新田,1035,平日,港町,発,1038
京急大師線,下り,1084X,普通,小島新田,1035,平日,鈴木町,発,1039
京急大師線,下り,1084X,普通,小島新田,1035,平日,川崎大師,発,1040
京急大師線,下り,1084X,普通,小島新田,1035,平日,東門前,発,1042
京急大師線,下り,1084X,普通,小島新田,1035,平日,大師橋,発,1043
京急大師線,下り,1084X,普通,小島新田,1035,平日,小島新田,着,1045
京急大師線,下り,1080X,普通,小島新田,1045,平日,京急川崎,発,1045
京急大師線,下り,1080X,普通,小島新田,1045,平日,港町,発,1048
京急大師線,下り,1080X,普通,小島新田,1045,平日,鈴木町,発,1049
京急大師線,下り,1080X,普通,小島新田,1045,平日,川崎大師,発,1050
京急大師線,下り,1080X,普通,小島新田,1045,平日,東門前,発,1052
京急大師線,下り,1080X,普通,小島新田,1045,平日,大師橋,発,1053
京急大師線,下り,1080X,普通,小島新田,1045,平日,小島新田,着,1055
京急大師線,下り,1082X,普通,小島新田,1055,平日,京急川崎,発,1055
京急大師線,下り,1082X,普通,小島新田,1055,平日,港町,発,1058
京急大師線,下り,1082X,普通,小島新田,1055,平日,鈴木町,発,1059
京急大師線,下り,1082X,普通,小島新田,1055,平日,川崎大師,発,1100
京急大師線,下り,1082X,普通,小島新田,1055,平日,東門前,発,1102
京急大師線,下り,1082X,普通,小島新田,1055,平日,大師橋,発,1103
京急大師線,下り,1082X,普通,小島新田,1055,平日,小島新田,着,1105
京急大師線,下り,1184,普通,小島新田,1105,平日,京急川崎,発,1105
京急大師線,下り,1184,普通,小島新田,1105,平日,港町,発,1108
京急大師線,下り,1184,普通,小島新田,1105,平日,鈴木町,発,1109
京急大師線,下り,1184,普通,小島新田,1105,平日,川崎大師,発,1110
京急大師線,下り,1184,普通,小島新田,1105,平日,東門前,発,1112
京急大師線,下り,1184,普通,小島新田,1105,平日,大師橋,発,1113
京急大師線,下り,1184,普通,小島新田,1105,平日,小島新田,着,1115
京急大師線,下り,1180,普通,小島新田,1115,平日,京急川崎,発,1115
京急大師線,下り,1180,普通,小島新田,1115,平日,港町,発,1118
京急大師線,下り,1180,普通,小島新田,1115,平日,鈴木町,発,1119
京急大師線,下り,1180,普通,小島新田,1115,平日,川崎大師,発,1120
京急大師線,下り,1180,普通,小島新田,1115,平日,東門前,発,1122
京急大師線,下り,1180,普通,小島新田,1115,平日,大師橋,発,1123
京急大師線,下り,1180,普通,小島新田,1115,平日,小島新田,着,1125
京急大師線,下り,1182,普通,小島新田,1125,平日,京急川崎,発,1125
京急大師線,下り,1182,普通,小島新田,1125,平日,港町,発,1128
京急大師線,下り,1182,普通,小島新田,1125,平日,鈴木町,発,1129
京急大師線,下り,1182,普通,小島新田,1125,平日,川崎大師,発,1130
京急大師線,下り,1182,普通,小島新田,1125,平日,東門前,発,1132
京急大師線,下り,1182,普通,小島新田,1125,平日,大師橋,発,1133
京急大師線,下り,1182,普通,小島新田,1125,平日,小島新田,着,1135
京急大師線,下り,1184X,普通,小島新田,1135,平日,京急川崎,発,1135
京急大師線,下り,1184X,普通,小島新田,1135,平日,港町,発,1138
京急大師線,下り,1184X,普通,小島新田,1135,平日,鈴木町,発,1139
京急大師線,下り,1184X,普通,小島新田,1135,平日,川崎大師,発,1140
京急大師線,下り,1184X,普通,小島新田,1135,平日,東門前,発,1142
京急大師線,下り,1184X,普通,小島新田,1135,平日,大師橋,発,1143
京急大師線,下り,1184X,普通,小島新田,1135,平日,小島新田,着,1145
京急大師線,下り,1180X,普通,小島新田,1145,平日,京急川崎,発,1145
京急大師線,下り,1180X,普通,小島新田,1145,平日,港町,発,1148
京急大師線,下り,1180X,普通,小島新田,1145,平日,鈴木町,発,1149
京急大師線,下り,1180X,普通,小島新田,1145,平日,川崎大師,発,1150
京急大師線,下り,1180X,普通,小島新田,1145,平日,東門前,発,1152
京急大師線,下り,1180X,普通,小島新田,1145,平日,大師橋,発,1153
京急大師線,下り,1180X,普通,小島新田,1145,平日,小島新田,着,1155
京急大師線,下り,1182X,普通,小島新田,1155,平日,京急川崎,発,1155
京急大師線,下り,1182X,普通,小島新田,1155,平日,港町,発,1158
京急大師線,下り,1182X,普通,小島新田,1155,平日,鈴木町,発,1159
京急大師線,下り,1182X,普通,小島新田,1155,平日,川崎大師,発,1200
京急大師線,下り,1182X,普通,小島新田,1155,平日,東門前,発,1202
京急大師線,下り,1182X,普通,小島新田,1155,平日,大師橋,発,1203
京急大師線,下り,1182X,普通,小島新田,1155,平日,小島新田,着,1205
京急大師線,下り,1284,普通,小島新田,1205,平日,京急川崎,発,1205
京急大師線,下り,1284,普通,小島新田,1205,平日,港町,発,1208
京急大師線,下り,1284,普通,小島新田,1205,平日,鈴木町,発,1209
京急大師線,下り,1284,普通,小島新田,1205,平日,川崎大師,発,1210
京急大師線,下り,1284,普通,小島新田,1205,平日,東門前,発,1212
京急大師線,下り,1284,普通,小島新田,1205,平日,大師橋,発,1213
京急大師線,下り,1284,普通,小島新田,1205,平日,小島新田,着,1215
京急大師線,下り,1280,普通,小島新田,1215,平日,京急川崎,発,1215
京急大師線,下り,1280,普通,小島新田,1215,平日,港町,発,1218
京急大師線,下り,1280,普通,小島新田,1215,平日,鈴木町,発,1219
京急大師線,下り,1280,普通,小島新田,1215,平日,川崎大師,発,1220
京急大師線,下り,1280,普通,小島新田,1215,平日,東門前,発,1222
京急大師線,下り,1280,普通,小島新田,1215,平日,大師橋,発,1223
京急大師線,下り,1280,普通,小島新田,1215,平日,小島新田,着,1225
京急大師線,下り,1282,普通,小島新田,1225,平日,京急川崎,発,1225
京急大師線,下り,1282,普通,小島新田,1225,平日,港町,発,1228
京急大師線,下り,1282,普通,小島新田,1225,平日,鈴木町,発,1229
京急大師線,下り,1282,普通,小島新田,1225,平日,川崎大師,発,1230
京急大師線,下り,1282,普通,小島新田,1225,平日,東門前,発,1232
京急大師線,下り,1282,普通,小島新田,1225,平日,大師橋,発,1233
京急大師線,下り,1282,普通,小島新田,1225,平日,小島新田,着,1235
京急大師線,下り,1284X,普通,小島新田,1235,平日,京急川崎,発,1235
京急大師線,下り,1284X,普通,小島新田,1235,平日,港町,発,1238
京急大師線,下り,1284X,普通,小島新田,1235,平日,鈴木町,発,1239
京急大師線,下り,1284X,普通,小島新田,1235,平日,川崎大師,発,1240
京急大師線,下り,1284X,普通,小島新田,1235,平日,東門前,発,1242
京急大師線,下り,1284X,普通,小島新田,1235,平日,大師橋,発,1243
京急大師線,下り,1284X,普通,小島新田,1235,平日,小島新田,着,1245
京急大師線,下り,1280X,普通,小島新田,1245,平日,京急川崎,発,1245
京急大師線,下り,1280X,普通,小島新田,1245,平日,港町,発,1248
京急大師線,下り,1280X,普通,小島新田,1245,平日,鈴木町,発,1249
京急大師線,下り,1280X,普通,小島新田,1245,平日,川崎大師,発,1250
京急大師線,下り,1280X,普通,小島新田,1245,平日,東門前,発,1252
京急大師線,下り,1280X,普通,小島新田,1245,平日,大師橋,発,1253
京急大師線,下り,1280X,普通,小島新田,1245,平日,小島新田,着,1255
京急大師線,下り,1282X,普通,小島新田,1255,平日,京急川崎,発,1255
京急大師線,下り,1282X,普通,小島新田,1255,平日,港町,発,1258
京急大師線,下り,1282X,普通,小島新田,1255,平日,鈴木町,発,1259
京急大師線,下り,1282X,普通,小島新田,1255,平日,川崎大師,発,1300
京急大師線,下り,1282X,普通,小島新田,1255,平日,東門前,発,1302
京急大師線,下り,1282X,普通,小島新田,1255,平日,大師橋,発,1303
京急大師線,下り,1282X,普通,小島新田,1255,平日,小島新田,着,1305
京急大師線,下り,1384,普通,小島新田,1305,平日,京急川崎,発,1305
京急大師線,下り,1384,普通,小島新田,1305,平日,港町,発,1308
京急大師線,下り,1384,普通,小島新田,1305,平日,鈴木町,発,1309
京急大師線,下り,1384,普通,小島新田,1305,平日,川崎大師,発,1310
京急大師線,下り,1384,普通,小島新田,1305,平日,東門前,発,1312
京急大師線,下り,1384,普通,小島新田,1305,平日,大師橋,発,1313
京急大師線,下り,1384,普通,小島新田,1305,平日,小島新田,着,1315
京急大師線,下り,1380,普通,小島新田,1315,平日,京急川崎,発,1315
京急大師線,下り,1380,普通,小島新田,1315,平日,港町,発,1318
京急大師線,下り,1380,普通,小島新田,1315,平日,鈴木町,発,1319
京急大師線,下り,1380,普通,小島新田,1315,平日,川崎大師,発,1320
京急大師線,下り,1380,普通,小島新田,1315,平日,東門前,発,1322
京急大師線,下り,1380,普通,小島新田,1315,平日,大師橋,発,1323
京急大師線,下り,1380,普通,小島新田,1315,平日,小島新田,着,1325
京急大師線,下り,1382,普通,小島新田,1325,平日,京急川崎,発,1325
京急大師線,下り,1382,普通,小島新田,1325,平日,港町,発,1328
京急大師線,下り,1382,普通,小島新田,1325,平日,鈴木町,発,1329
京急大師線,下り,1382,普通,小島新田,1325,平日,川崎大師,発,1330
京急大師線,下り,1382,普通,小島新田,1325,平日,東門前,発,1332
京急大師線,下り,1382,普通,小島新田,1325,平日,大師橋,発,1333
京急大師線,下り,1382,普通,小島新田,1325,平日,小島新田,着,1335
京急大師線,下り,1384X,普通,小島新田,1335,平日,京急川崎,発,1335
京急大師線,下り,1384X,普通,小島新田,1335,平日,港町,発,1338
京急大師線,下り,1384X,普通,小島新田,1335,平日,鈴木町,発,1339
京急大師線,下り,1384X,普通,小島新田,1335,平日,川崎大師,発,1340
京急大師線,下り,1384X,普通,小島新田,1335,平日,東門前,発,1342
京急大師線,下り,1384X,普通,小島新田,1335,平日,大師橋,発,1343
京急大師線,下り,1384X,普通,小島新田,1335,平日,小島新田,着,1345
京急大師線,下り,1380X,普通,小島新田,1345,平日,京急川崎,発,1345
京急大師線,下り,1380X,普通,小島新田,1345,平日,港町,発,1348
京急大師線,下り,1380X,普通,小島新田,1345,平日,鈴木町,発,1349
京急大師線,下り,1380X,普通,小島新田,1345,平日,川崎大師,発,1350
京急大師線,下り,1380X,普通,小島新田,1345,平日,東門前,発,1352
京急大師線,下り,1380X,普通,小島新田,1345,平日,大師橋,発,1353
京急大師線,下り,1380X,普通,小島新田,1345,平日,小島新田,着,1355
京急大師線,下り,1382X,普通,小島新田,1355,平日,京急川崎,発,1355
京急大師線,下り,1382X,普通,小島新田,1355,平日,港町,発,1358
京急大師線,下り,1382X,普通,小島新田,1355,平日,鈴木町,発,1359
京急大師線,下り,1382X,普通,小島新田,1355,平日,川崎大師,発,1400
京急大師線,下り,1382X,普通,小島新田,1355,平日,東門前,発,1402
京急大師線,下り,1382X,普通,小島新田,1355,平日,大師橋,発,1403
京急大師線,下り,1382X,普通,小島新田,1355,平日,小島新田,着,1405
京急大師線,下り,1484,普通,小島新田,1405,平日,京急川崎,発,1405
京急大師線,下り,1484,普通,小島新田,1405,平日,港町,発,1408
京急大師線,下り,1484,普通,小島新田,1405,平日,鈴木町,発,1409
京急大師線,下り,1484,普通,小島新田,1405,平日,川崎大師,発,1410
京急大師線,下り,1484,普通,小島新田,1405,平日,東門前,発,1412
京急大師線,下り,1484,普通,小島新田,1405,平日,大師橋,発,1413
京急大師線,下り,1484,普通,小島新田,1405,平日,小島新田,着,1415
京急大師線,下り,1480,普通,小島新田,1415,平日,京急川崎,発,1415
京急大師線,下り,1480,普通,小島新田,1415,平日,港町,発,1418
京急大師線,下り,1480,普通,小島新田,1415,平日,鈴木町,発,1419
京急大師線,下り,1480,普通,小島新田,1415,平日,川崎大師,発,1420
京急大師線,下り,1480,普通,小島新田,1415,平日,東門前,発,1422
京急大師線,下り,1480,普通,小島新田,1415,平日,大師橋,発,1423
京急大師線,下り,1480,普通,小島新田,1415,平日,小島新田,着,1425
京急大師線,下り,1482,普通,小島新田,1425,平日,京急川崎,発,1425
京急大師線,下り,1482,普通,小島新田,1425,平日,港町,発,1428
京急大師線,下り,1482,普通,小島新田,1425,平日,鈴木町,発,1429
京急大師線,下り,1482,普通,小島新田,1425,平日,川崎大師,発,1430
京急大師線,下り,1482,普通,小島新田,1425,平日,東門前,発,1432
京急大師線,下り,1482,普通,小島新田,1425,平日,大師橋,発,1433
京急大師線,下り,1482,普通,小島新田,1425,平日,小島新田,着,1435
京急大師線,下り,1484X,普通,小島新田,1435,平日,京急川崎,発,1435
京急大師線,下り,1484X,普通,小島新田,1435,平日,港町,発,1438
京急大師線,下り,1484X,普通,小島新田,1435,平日,鈴木町,発,1439
京急大師線,下り,1484X,普通,小島新田,1435,平日,川崎大師,発,1440
京急大師線,下り,1484X,普通,小島新田,1435,平日,東門前,発,1442
京急大師線,下り,1484X,普通,小島新田,1435,平日,大師橋,発,1443
京急大師線,下り,1484X,普通,小島新田,1435,平日,小島新田,着,1445
京急大師線,下り,1480X,普通,小島新田,1445,平日,京急川崎,発,1445
京急大師線,下り,1480X,普通,小島新田,1445,平日,港町,発,1448
京急大師線,下り,1480X,普通,小島新田,1445,平日,鈴木町,発,1449
京急大師線,下り,1480X,普通,小島新田,1445,平日,川崎大師,発,1450
京急大師線,下り,1480X,普通,小島新田,1445,平日,東門前,発,1452
京急大師線,下り,1480X,普通,小島新田,1445,平日,大師橋,発,1453
京急大師線,下り,1480X,普通,小島新田,1445,平日,小島新田,着,1455
京急大師線,下り,1482X,普通,小島新田,1455,平日,京急川崎,発,1455
京急大師線,下り,1482X,普通,小島新田,1455,平日,港町,発,1458
京急大師線,下り,1482X,普通,小島新田,1455,平日,鈴木町,発,1459
京急大師線,下り,1482X,普通,小島新田,1455,平日,川崎大師,発,1500
京急大師線,下り,1482X,普通,小島新田,1455,平日,東門前,発,1502
京急大師線,下り,1482X,普通,小島新田,1455,平日,大師橋,発,1503
京急大師線,下り,1482X,普通,小島新田,1455,平日,小島新田,着,1505
京急大師線,下り,1584,普通,小島新田,1505,平日,京急川崎,発,1505
京急大師線,下り,1584,普通,小島新田,1505,平日,港町,発,1508
京急大師線,下り,1584,普通,小島新田,1505,平日,鈴木町,発,1509
京急大師線,下り,1584,普通,小島新田,1505,平日,川崎大師,発,1510
京急大師線,下り,1584,普通,小島新田,1505,平日,東門前,発,1512
京急大師線,下り,1584,普通,小島新田,1505,平日,大師橋,発,1513
京急大師線,下り,1584,普通,小島新田,1505,平日,小島新田,着,1515
京急大師線,下り,1580,普通,小島新田,1515,平日,京急川崎,発,1515
京急大師線,下り,1580,普通,小島新田,1515,平日,港町,発,1518
京急大師線,下り,1580,普通,小島新田,1515,平日,鈴木町,発,1519
京急大師線,下り,1580,普通,小島新田,1515,平日,川崎大師,発,1520
京急大師線,下り,1580,普通,小島新田,1515,平日,東門前,発,1522
京急大師線,下り,1580,普通,小島新田,1515,平日,大師橋,発,1523
京急大師線,下り,1580,普通,小島新田,1515,平日,小島新田,着,1525
京急大師線,下り,1582,普通,小島新田,1525,平日,京急川崎,発,1525
京急大師線,下り,1582,普通,小島新田,1525,平日,港町,発,1528
京急大師線,下り,1582,普通,小島新田,1525,平日,鈴木町,発,1529
京急大師線,下り,1582,普通,小島新田,1525,平日,川崎大師,発,1530
京急大師線,下り,1582,普通,小島新田,1525,平日,東門前,発,1532
京急大師線,下り,1582,普通,小島新田,1525,平日,大師橋,発,1533
京急大師線,下り,1582,普通,小島新田,1525,平日,小島新田,着,1535
京急大師線,下り,1584X,普通,小島新田,1535,平日,京急川崎,発,1535
京急大師線,下り,1584X,普通,小島新田,1535,平日,港町,発,1538
京急大師線,下り,1584X,普通,小島新田,1535,平日,鈴木町,発,1539
京急大師線,下り,1584X,普通,小島新田,1535,平日,川崎大師,発,1540
京急大師線,下り,1584X,普通,小島新田,1535,平日,東門前,発,1542
京急大師線,下り,1584X,普通,小島新田,1535,平日,大師橋,発,1543
京急大師線,下り,1584X,普通,小島新田,1535,平日,小島新田,着,1545
京急大師線,下り,1580X,普通,小島新田,1545,平日,京急川崎,発,1545
京急大師線,下り,1580X,普通,小島新田,1545,平日,港町,発,1548
京急大師線,下り,1580X,普通,小島新田,1545,平日,鈴木町,発,1549
京急大師線,下り,1580X,普通,小島新田,1545,平日,川崎大師,発,1550
京急大師線,下り,1580X,普通,小島新田,1545,平日,東門前,発,1552
京急大師線,下り,1580X,普通,小島新田,1545,平日,大師橋,発,1553
京急大師線,下り,1580X,普通,小島新田,1545,平日,小島新田,着,1555
京急大師線,下り,1582X,普通,小島新田,1555,平日,京急川崎,発,1555
京急大師線,下り,1582X,普通,小島新田,1555,平日,港町,発,1558
京急大師線,下り,1582X,普通,小島新田,1555,平日,鈴木町,発,1559
京急大師線,下り,1582X,普通,小島新田,1555,平日,川崎大師,発,1600
京急大師線,下り,1582X,普通,小島新田,1555,平日,東門前,発,1602
京急大師線,下り,1582X,普通,小島新田,1555,平日,大師橋,発,1603
京急大師線,下り,1582X,普通,小島新田,1555,平日,小島新田,着,1605
京急大師線,下り,1684,普通,小島新田,1604,平日,京急川崎,発,1604
京急大師線,下り,1684,普通,小島新田,1604,平日,港町,発,1607
京急大師線,下り,1684,普通,小島新田,1604,平日,鈴木町,発,1608
京急大師線,下り,1684,普通,小島新田,1604,平日,川崎大師,発,1609
京急大師線,下り,1684,普通,小島新田,1604,平日,東門前,発,1611
京急大師線,下り,1684,普通,小島新田,1604,平日,大師橋,発,1612
京急大師線,下り,1684,普通,小島新田,1604,平日,小島新田,着,1614
京急大師線,下り,1680,普通,小島新田,1614,平日,京急川崎,発,1614
京急大師線,下り,1680,普通,小島新田,1614,平日,港町,発,1617
京急大師線,下り,1680,普通,小島新田,1614,平日,鈴木町,発,1618
京急大師線,下り,1680,普通,小島新田,1614,平日,川崎大師,発,1619
京急大師線,下り,1680,普通,小島新田,1614,平日,東門前,発,1621
京急大師線,下り,1680,普通,小島新田,1614,平日,大師橋,発,1622
京急大師線,下り,1680,普通,小島新田,1614,平日,小島新田,着,1624
京急大師線,下り,1682,普通,小島新田,1624,平日,京急川崎,発,1624
京急大師線,下り,1682,普通,小島新田,1624,平日,港町,発,1627
京急大師線,下り,1682,普通,小島新田,1624,平日,鈴木町,発,1628
京急大師線,下り,1682,普通,小島新田,1624,平日,川崎大師,発,1629
京急大師線,下り,1682,普通,小島新田,1624,平日,東門前,発,1631
京急大師線,下り,1682,普通,小島新田,1624,平日,大師橋,発,1632
京急大師線,下り,1682,普通,小島新田,1624,平日,小島新田,着,1634
京急大師線,下り,1684X,普通,小島新田,1631,平日,京急川崎,発,1631
京急大師線,下り,1684X,普通,小島新田,1631,平日,港町,発,1634
京急大師線,下り,1684X,普通,小島新田,1631,平日,鈴木町,発,1635
京急大師線,下り,1684X,普通,小島新田,1631,平日,川崎大師,発,1637
京急大師線,下り,1684X,普通,小島新田,1631,平日,東門前,発,1638
京急大師線,下り,1684X,普通,小島新田,1631,平日,大師橋,発,1640
京急大師線,下り,1684X,普通,小島新田,1631,平日,小島新田,着,1641
京急大師線,下り,1686,普通,小島新田,1636,平日,京急川崎,発,1636
京急大師線,下り,1686,普通,小島新田,1636,平日,港町,発,1639
京急大師線,下り,1686,普通,小島新田,1636,平日,鈴木町,発,1640
京急大師線,下り,1686,普通,小島新田,1636,平日,川崎大師,発,1642
京急大師線,下り,1686,普通,小島新田,1636,平日,東門前,発,1643
京急大師線,下り,1686,普通,小島新田,1636,平日,大師橋,発,1645
京急大師線,下り,1686,普通,小島新田,1636,平日,小島新田,着,1646
京急大師線,下り,1680X,普通,小島新田,1641,平日,京急川崎,発,1641
京急大師線,下り,1680X,普通,小島新田,1641,平日,港町,発,1644
京急大師線,下り,1680X,普通,小島新田,1641,平日,鈴木町,発,1646
京急大師線,下り,1680X,普通,小島新田,1641,平日,川崎大師,発,1647
京急大師線,下り,1680X,普通,小島新田,1641,平日,東門前,発,1649
京急大師線,下り,1680X,普通,小島新田,1641,平日,大師橋,発,1650
京急大師線,下り,1680X,普通,小島新田,1641,平日,小島新田,着,1651
京急大師線,下り,1688,普通,小島新田,1647,平日,京急川崎,発,1647
京急大師線,下り,1688,普通,小島新田,1647,平日,港町,発,1650
京急大師線,下り,1688,普通,小島新田,1647,平日,鈴木町,発,1651
京急大師線,下り,1688,普通,小島新田,1647,平日,川崎大師,発,1652
京急大師線,下り,1688,普通,小島新田,1647,平日,東門前,発,1654
京急大師線,下り,1688,普通,小島新田,1647,平日,大師橋,発,1655
京急大師線,下り,1688,普通,小島新田,1647,平日,小島新田,着,1657
京急大師線,下り,1682X,普通,小島新田,1652,平日,京急川崎,発,1652
京急大師線,下り,1682X,普通,小島新田,1652,平日,港町,発,1655
京急大師線,下り,1682X,普通,小島新田,1652,平日,鈴木町,発,1657
京急大師線,下り,1682X,普通,小島新田,1652,平日,川崎大師,発,1658
京急大師線,下り,1682X,普通,小島新田,1652,平日,東門前,発,1700
京急大師線,下り,1682X,普通,小島新田,1652,平日,大師橋,発,1701
京急大師線,下り,1682X,普通,小島新田,1652,平日,小島新田,着,1702
京急大師線,下り,1684Y,普通,小島新田,1658,平日,京急川崎,発,1658
京急大師線,下り,1684Y,普通,小島新田,1658,平日,港町,発,1701
京急大師線,下り,1684Y,普通,小島新田,1658,平日,鈴木町,発,1702
京急大師線,下り,1684Y,普通,小島新田,1658,平日,川崎大師,発,1703
京急大師線,下り,1684Y,普通,小島新田,1658,平日,東門前,発,1705
京急大師線,下り,1684Y,普通,小島新田,1658,平日,大師橋,発,1706
京急大師線,下り,1684Y,普通,小島新田,1658,平日,小島新田,着,1708
京急大師線,下り,1786,普通,小島新田,1703,平日,京急川崎,発,1703
京急大師線,下り,1786,普通,小島新田,1703,平日,港町,発,1706
京急大師線,下り,1786,普通,小島新田,1703,平日,鈴木町,発,1708
京急大師線,下り,1786,普通,小島新田,1703,平日,川崎大師,発,1709
京急大師線,下り,1786,普通,小島新田,1703,平日,東門前,発,1711
京急大師線,下り,1786,普通,小島新田,1703,平日,大師橋,発,1712
京急大師線,下り,1786,普通,小島新田,1703,平日,小島新田,着,1713
京急大師線,下り,1780,普通,小島新田,1709,平日,京急川崎,発,1709
京急大師線,下り,1780,普通,小島新田,1709,平日,港町,発,1712
京急大師線,下り,1780,普通,小島新田,1709,平日,鈴木町,発,1713
京急大師線,下り,1780,普通,小島新田,1709,平日,川崎大師,発,1714
京急大師線,下り,1780,普通,小島新田,1709,平日,東門前,発,1716
京急大師線,下り,1780,普通,小島新田,1709,平日,大師橋,発,1717
京急大師線,下り,1780,普通,小島新田,1709,平日,小島新田,着,1719
京急大師線,下り,1788,普通,小島新田,1714,平日,京急川崎,発,1714
京急大師線,下り,1788,普通,小島新田,1714,平日,港町,発,1717
京急大師線,下り,1788,普通,小島新田,1714,平日,鈴木町,発,1719
京急大師線,下り,1788,普通,小島新田,1714,平日,川崎大師,発,1720
京急大師線,下り,1788,普通,小島新田,1714,平日,東門前,発,1722
京急大師線,下り,1788,普通,小島新田,1714,平日,大師橋,発,1723
京急大師線,下り,1788,普通,小島新田,1714,平日,小島新田,着,1724
京急大師線,下り,1782,普通,小島新田,1720,平日,京急川崎,発,1720
京急大師線,下り,1782,普通,小島新田,1720,平日,港町,発,1723
京急大師線,下り,1782,普通,小島新田,1720,平日,鈴木町,発,1724
京急大師線,下り,1782,普通,小島新田,1720,平日,川崎大師,発,1725
京急大師線,下り,1782,普通,小島新田,1720,平日,東門前,発,1727
京急大師線,下り,1782,普通,小島新田,1720,平日,大師橋,発,1728
京急大師線,下り,1782,普通,小島新田,1720,平日,小島新田,着,1730
京急大師線,下り,1784,普通,小島新田,1725,平日,京急川崎,発,1725
京急大師線,下り,1784,普通,小島新田,1725,平日,港町,発,1728
京急大師線,下り,1784,普通,小島新田,1725,平日,鈴木町,発,1730
京急大師線,下り,1784,普通,小島新田,1725,平日,川崎大師,発,1731
京急大師線,下り,1784,普通,小島新田,1725,平日,東門前,発,1733
京急大師線,下り,1784,普通,小島新田,1725,平日,大師橋,発,1734
京急大師線,下り,1784,普通,小島新田,1725,平日,小島新田,着,1735
京急大師線,下り,1786X,普通,小島新田,1731,平日,京急川崎,発,1731
京急大師線,下り,1786X,普通,小島新田,1731,平日,港町,発,1734
京急大師線,下り,1786X,普通,小島新田,1731,平日,鈴木町,発,1735
京急大師線,下り,1786X,普通,小島新田,1731,平日,川崎大師,発,1736
京急大師線,下り,1786X,普通,小島新田,1731,平日,東門前,発,1738
京急大師線,下り,1786X,普通,小島新田,1731,平日,大師橋,発,1739
京急大師線,下り,1786X,普通,小島新田,1731,平日,小島新田,着,1741
京急大師線,下り,1780X,普通,小島新田,1736,平日,京急川崎,発,1736
京急大師線,下り,1780X,普通,小島新田,1736,平日,港町,発,1739
京急大師線,下り,1780X,普通,小島新田,1736,平日,鈴木町,発,1741
京急大師線,下り,1780X,普通,小島新田,1736,平日,川崎大師,発,1742
京急大師線,下り,1780X,普通,小島新田,1736,平日,東門前,発,1744
京急大師線,下り,1780X,普通,小島新田,1736,平日,大師橋,発,1745
京急大師線,下り,1780X,普通,小島新田,1736,平日,小島新田,着,1746
京急大師線,下り,1788X,普通,小島新田,1742,平日,京急川崎,発,1742
京急大師線,下り,1788X,普通,小島新田,1742,平日,港町,発,1745
京急大師線,下り,1788X,普通,小島新田,1742,平日,鈴木町,発,1746
京急大師線,下り,1788X,普通,小島新田,1742,平日,川崎大師,発,1747
京急大師線,下り,1788X,普通,小島新田,1742,平日,東門前,発,1749
京急大師線,下り,1788X,普通,小島新田,1742,平日,大師橋,発,1750
京急大師線,下り,1788X,普通,小島新田,1742,平日,小島新田,着,1752
京急大師線,下り,1782X,普通,小島新田,1747,平日,京急川崎,発,1747
京急大師線,下り,1782X,普通,小島新田,1747,平日,港町,発,1750
京急大師線,下り,1782X,普通,小島新田,1747,平日,鈴木町,発,1752
京急大師線,下り,1782X,普通,小島新田,1747,平日,川崎大師,発,1735
京急大師線,下り,1782X,普通,小島新田,1747,平日,東門前,発,1755
京急大師線,下り,1782X,普通,小島新田,1747,平日,大師橋,発,1756
京急大師線,下り,1782X,普通,小島新田,1747,平日,小島新田,着,1757
京急大師線,下り,1784X,普通,小島新田,1753,平日,京急川崎,発,1753
京急大師線,下り,1784X,普通,小島新田,1753,平日,港町,発,1756
京急大師線,下り,1784X,普通,小島新田,1753,平日,鈴木町,発,1757
京急大師線,下り,1784X,普通,小島新田,1753,平日,川崎大師,発,1758
京急大師線,下り,1784X,普通,小島新田,1753,平日,東門前,発,1800
京急大師線,下り,1784X,普通,小島新田,1753,平日,大師橋,発,1801
京急大師線,下り,1784X,普通,小島新田,1753,平日,小島新田,着,1803
京急大師線,下り,1786Y,普通,小島新田,1758,平日,京急川崎,発,1758
京急大師線,下り,1786Y,普通,小島新田,1758,平日,港町,発,1801
京急大師線,下り,1786Y,普通,小島新田,1758,平日,鈴木町,発,1803
京急大師線,下り,1786Y,普通,小島新田,1758,平日,川崎大師,発,1804
京急大師線,下り,1786Y,普通,小島新田,1758,平日,東門前,発,1806
京急大師線,下り,1786Y,普通,小島新田,1758,平日,大師橋,発,1807
京急大師線,下り,1786Y,普通,小島新田,1758,平日,小島新田,着,1808
京急大師線,下り,1880,普通,小島新田,1804,平日,京急川崎,発,1804
京急大師線,下り,1880,普通,小島新田,1804,平日,港町,発,1807
京急大師線,下り,1880,普通,小島新田,1804,平日,鈴木町,発,1808
京急大師線,下り,1880,普通,小島新田,1804,平日,川崎大師,発,1809
京急大師線,下り,1880,普通,小島新田,1804,平日,東門前,発,1811
京急大師線,下り,1880,普通,小島新田,1804,平日,大師橋,発,1812
京急大師線,下り,1880,普通,小島新田,1804,平日,小島新田,着,1814
京急大師線,下り,1888,普通,小島新田,1809,平日,京急川崎,発,1809
京急大師線,下り,1888,普通,小島新田,1809,平日,港町,発,1812
京急大師線,下り,1888,普通,小島新田,1809,平日,鈴木町,発,1814
京急大師線,下り,1888,普通,小島新田,1809,平日,川崎大師,発,1815
京急大師線,下り,1888,普通,小島新田,1809,平日,東門前,発,1717
京急大師線,下り,1888,普通,小島新田,1809,平日,大師橋,発,1818
京急大師線,下り,1888,普通,小島新田,1809,平日,小島新田,着,1819
京急大師線,下り,1882,普通,小島新田,1815,平日,京急川崎,発,1815
京急大師線,下り,1882,普通,小島新田,1815,平日,港町,発,1818
京急大師線,下り,1882,普通,小島新田,1815,平日,鈴木町,発,1819
京急大師線,下り,1882,普通,小島新田,1815,平日,川崎大師,発,1820
京急大師線,下り,1882,普通,小島新田,1815,平日,東門前,発,1822
京急大師線,下り,1882,普通,小島新田,1815,平日,大師橋,発,1823
京急大師線,下り,1882,普通,小島新田,1815,平日,小島新田,着,1825
京急大師線,下り,1884,普通,小島新田,1820,平日,京急川崎,発,1820
京急大師線,下り,1884,普通,小島新田,1820,平日,港町,発,1823
京急大師線,下り,1884,普通,小島新田,1820,平日,鈴木町,発,1825
京急大師線,下り,1884,普通,小島新田,1820,平日,川崎大師,発,1826
京急大師線,下り,1884,普通,小島新田,1820,平日,東門前,発,1828
京急大師線,下り,1884,普通,小島新田,1820,平日,大師橋,発,1829
京急大師線,下り,1884,普通,小島新田,1820,平日,小島新田,着,1830
京急大師線,下り,1886,普通,小島新田,1826,平日,京急川崎,発,1826
京急大師線,下り,1886,普通,小島新田,1826,平日,港町,発,1829
京急大師線,下り,1886,普通,小島新田,1826,平日,鈴木町,発,1830
京急大師線,下り,1886,普通,小島新田,1826,平日,川崎大師,発,1831
京急大師線,下り,1886,普通,小島新田,1826,平日,東門前,発,1833
京急大師線,下り,1886,普通,小島新田,1826,平日,大師橋,発,1834
京急大師線,下り,1886,普通,小島新田,1826,平日,小島新田,着,1836
京急大師線,下り,1880X,普通,小島新田,1831,平日,京急川崎,発,1831
京急大師線,下り,1880X,普通,小島新田,1831,平日,港町,発,1834
京急大師線,下り,1880X,普通,小島新田,1831,平日,鈴木町,発,1836
京急大師線,下り,1880X,普通,小島新田,1831,平日,川崎大師,発,1837
京急大師線,下り,1880X,普通,小島新田,1831,平日,東門前,発,1839
京急大師線,下り,1880X,普通,小島新田,1831,平日,大師橋,発,1840
京急大師線,下り,1880X,普通,小島新田,1831,平日,小島新田,着,1841
京急大師線,下り,1888X,普通,小島新田,1837,平日,京急川崎,発,1837
京急大師線,下り,1888X,普通,小島新田,1837,平日,港町,発,1840
京急大師線,下り,1888X,普通,小島新田,1837,平日,鈴木町,発,1841
京急大師線,下り,1888X,普通,小島新田,1837,平日,川崎大師,発,1842
京急大師線,下り,1888X,普通,小島新田,1837,平日,東門前,発,1844
京急大師線,下り,1888X,普通,小島新田,1837,平日,大師橋,発,1845
京急大師線,下り,1888X,普通,小島新田,1837,平日,小島新田,着,1847
京急大師線,下り,1882X,普通,小島新田,1842,平日,京急川崎,発,1842
京急大師線,下り,1882X,普通,小島新田,1842,平日,港町,発,1845
京急大師線,下り,1882X,普通,小島新田,1842,平日,鈴木町,発,1847
京急大師線,下り,1882X,普通,小島新田,1842,平日,川崎大師,発,1848
京急大師線,下り,1882X,普通,小島新田,1842,平日,東門前,発,1850
京急大師線,下り,1882X,普通,小島新田,1842,平日,大師橋,発,1851
京急大師線,下り,1882X,普通,小島新田,1842,平日,小島新田,着,1852
京急大師線,下り,1884X,普通,小島新田,1848,平日,京急川崎,発,1848
京急大師線,下り,1884X,普通,小島新田,1848,平日,港町,発,1851
京急大師線,下り,1884X,普通,小島新田,1848,平日,鈴木町,発,1852
京急大師線,下り,1884X,普通,小島新田,1848,平日,川崎大師,発,1853
京急大師線,下り,1884X,普通,小島新田,1848,平日,東門前,発,1855
京急大師線,下り,1884X,普通,小島新田,1848,平日,大師橋,発,1856
京急大師線,下り,1884X,普通,小島新田,1848,平日,小島新田,着,1858
京急大師線,下り,1886X,普通,小島新田,1853,平日,京急川崎,発,1853
京急大師線,下り,1886X,普通,小島新田,1853,平日,港町,発,1856
京急大師線,下り,1886X,普通,小島新田,1853,平日,鈴木町,発,1858
京急大師線,下り,1886X,普通,小島新田,1853,平日,川崎大師,発,1859
京急大師線,下り,1886X,普通,小島新田,1853,平日,東門前,発,1901
京急大師線,下り,1886X,普通,小島新田,1853,平日,大師橋,発,1902
京急大師線,下り,1886X,普通,小島新田,1853,平日,小島新田,着,1903
京急大師線,下り,1880Y,普通,小島新田,1859,平日,京急川崎,発,1859
京急大師線,下り,1880Y,普通,小島新田,1859,平日,港町,発,1902
京急大師線,下り,1880Y,普通,小島新田,1859,平日,鈴木町,発,1903
京急大師線,下り,1880Y,普通,小島新田,1859,平日,川崎大師,発,1904
京急大師線,下り,1880Y,普通,小島新田,1859,平日,東門前,発,1906
京急大師線,下り,1880Y,普通,小島新田,1859,平日,大師橋,発,1907
京急大師線,下り,1880Y,普通,小島新田,1859,平日,小島新田,着,1909
京急大師線,下り,1988,普通,小島新田,1904,平日,京急川崎,発,1904
京急大師線,下り,1988,普通,小島新田,1904,平日,港町,発,1907
京急大師線,下り,1988,普通,小島新田,1904,平日,鈴木町,発,1909
京急大師線,下り,1988,普通,小島新田,1904,平日,川崎大師,発,1910
京急大師線,下り,1988,普通,小島新田,1904,平日,東門前,発,1912
京急大師線,下り,1988,普通,小島新田,1904,平日,大師橋,発,1913
京急大師線,下り,1988,普通,小島新田,1904,平日,小島新田,着,1914
京急大師線,下り,1982,普通,小島新田,1910,平日,京急川崎,発,1910
京急大師線,下り,1982,普通,小島新田,1910,平日,港町,発,1913
京急大師線,下り,1982,普通,小島新田,1910,平日,鈴木町,発,1914
京急大師線,下り,1982,普通,小島新田,1910,平日,川崎大師,発,1916
京急大師線,下り,1982,普通,小島新田,1910,平日,東門前,発,1917
京急大師線,下り,1982,普通,小島新田,1910,平日,大師橋,発,1919
京急大師線,下り,1982,普通,小島新田,1910,平日,小島新田,着,1920
京急大師線,下り,1984,普通,小島新田,1917,平日,京急川崎,発,1917
京急大師線,下り,1984,普通,小島新田,1917,平日,港町,発,1920
京急大師線,下り,1984,普通,小島新田,1917,平日,鈴木町,発,1921
京急大師線,下り,1984,普通,小島新田,1917,平日,川崎大師,発,1922
京急大師線,下り,1984,普通,小島新田,1917,平日,東門前,発,1924
京急大師線,下り,1984,普通,小島新田,1917,平日,大師橋,発,1925
京急大師線,下り,1984,普通,小島新田,1917,平日,小島新田,着,1927
京急大師線,下り,1980,普通,小島新田,1927,平日,京急川崎,発,1927
京急大師線,下り,1980,普通,小島新田,1927,平日,港町,発,1930
京急大師線,下り,1980,普通,小島新田,1927,平日,鈴木町,発,1931
京急大師線,下り,1980,普通,小島新田,1927,平日,川崎大師,発,1932
京急大師線,下り,1980,普通,小島新田,1927,平日,東門前,発,1934
京急大師線,下り,1980,普通,小島新田,1927,平日,大師橋,発,1935
京急大師線,下り,1980,普通,小島新田,1927,平日,小島新田,着,1937
京急大師線,下り,1982X,普通,小島新田,1937,平日,京急川崎,発,1937
京急大師線,下り,1982X,普通,小島新田,1937,平日,港町,発,1940
京急大師線,下り,1982X,普通,小島新田,1937,平日,鈴木町,発,1941
京急大師線,下り,1982X,普通,小島新田,1937,平日,川崎大師,発,1942
京急大師線,下り,1982X,普通,小島新田,1937,平日,東門前,発,1944
京急大師線,下り,1982X,普通,小島新田,1937,平日,大師橋,発,1945
京急大師線,下り,1982X,普通,小島新田,1937,平日,小島新田,着,1947
京急大師線,下り,1984X,普通,小島新田,1945,平日,京急川崎,発,1945
京急大師線,下り,1984X,普通,小島新田,1945,平日,港町,発,1948
京急大師線,下り,1984X,普通,小島新田,1945,平日,鈴木町,発,1949
京急大師線,下り,1984X,普通,小島新田,1945,平日,川崎大師,発,1950
京急大師線,下り,1984X,普通,小島新田,1945,平日,東門前,発,1952
京急大師線,下り,1984X,普通,小島新田,1945,平日,大師橋,発,1953
京急大師線,下り,1984X,普通,小島新田,1945,平日,小島新田,着,1955
京急大師線,下り,1980X,普通,小島新田,1955,平日,京急川崎,発,1955
京急大師線,下り,1980X,普通,小島新田,1955,平日,港町,発,1958
京急大師線,下り,1980X,普通,小島新田,1955,平日,鈴木町,発,1959
京急大師線,下り,1980X,普通,小島新田,1955,平日,川崎大師,発,2000
京急大師線,下り,1980X,普通,小島新田,1955,平日,東門前,発,2002
京急大師線,下り,1980X,普通,小島新田,1955,平日,大師橋,発,2003
京急大師線,下り,1980X,普通,小島新田,1955,平日,小島新田,着,2005
京急大師線,下り,2082,普通,小島新田,2005,平日,京急川崎,発,2005
京急大師線,下り,2082,普通,小島新田,2005,平日,港町,発,2008
京急大師線,下り,2082,普通,小島新田,2005,平日,鈴木町,発,2009
京急大師線,下り,2082,普通,小島新田,2005,平日,川崎大師,発,2010
京急大師線,下り,2082,普通,小島新田,2005,平日,東門前,発,2012
京急大師線,下り,2082,普通,小島新田,2005,平日,大師橋,発,2013
京急大師線,下り,2082,普通,小島新田,2005,平日,小島新田,着,2015
京急大師線,下り,2084,普通,小島新田,2015,平日,京急川崎,発,2015
京急大師線,下り,2084,普通,小島新田,2015,平日,港町,発,2018
京急大師線,下り,2084,普通,小島新田,2015,平日,鈴木町,発,2019
京急大師線,下り,2084,普通,小島新田,2015,平日,川崎大師,発,2020
京急大師線,下り,2084,普通,小島新田,2015,平日,東門前,発,2022
京急大師線,下り,2084,普通,小島新田,2015,平日,大師橋,発,2023
京急大師線,下り,2084,普通,小島新田,2015,平日,小島新田,着,2025
京急大師線,下り,2080,普通,小島新田,2025,平日,京急川崎,発,2025
京急大師線,下り,2080,普通,小島新田,2025,平日,港町,発,2028
京急大師線,下り,2080,普通,小島新田,2025,平日,鈴木町,発,2029
京急大師線,下り,2080,普通,小島新田,2025,平日,川崎大師,発,2030
京急大師線,下り,2080,普通,小島新田,2025,平日,東門前,発,2032
京急大師線,下り,2080,普通,小島新田,2025,平日,大師橋,発,2033
京急大師線,下り,2080,普通,小島新田,2025,平日,小島新田,着,2035
京急大師線,下り,2082X,普通,小島新田,2035,平日,京急川崎,発,2035
京急大師線,下り,2082X,普通,小島新田,2035,平日,港町,発,2038
京急大師線,下り,2082X,普通,小島新田,2035,平日,鈴木町,発,2039
京急大師線,下り,2082X,普通,小島新田,2035,平日,川崎大師,発,2040
京急大師線,下り,2082X,普通,小島新田,2035,平日,東門前,発,2042
京急大師線,下り,2082X,普通,小島新田,2035,平日,大師橋,発,2043
京急大師線,下り,2082X,普通,小島新田,2035,平日,小島新田,着,2045
京急大師線,下り,2084X,普通,小島新田,2045,平日,京急川崎,発,2045
京急大師線,下り,2084X,普通,小島新田,2045,平日,港町,発,2048
京急大師線,下り,2084X,普通,小島新田,2045,平日,鈴木町,発,2049
京急大師線,下り,2084X,普通,小島新田,2045,平日,川崎大師,発,2050
京急大師線,下り,2084X,普通,小島新田,2045,平日,東門前,発,2052
京急大師線,下り,2084X,普通,小島新田,2045,平日,大師橋,発,2053
京急大師線,下り,2084X,普通,小島新田,2045,平日,小島新田,着,2055
京急大師線,下り,2080X,普通,小島新田,2055,平日,京急川崎,発,2055
京急大師線,下り,2080X,普通,小島新田,2055,平日,港町,発,2058
京急大師線,下り,2080X,普通,小島新田,2055,平日,鈴木町,発,2059
京急大師線,下り,2080X,普通,小島新田,2055,平日,川崎大師,発,2100
京急大師線,下り,2080X,普通,小島新田,2055,平日,東門前,発,2102
京急大師線,下り,2080X,普通,小島新田,2055,平日,大師橋,発,2103
京急大師線,下り,2080X,普通,小島新田,2055,平日,小島新田,着,2105
京急大師線,下り,2182,普通,小島新田,2105,平日,京急川崎,発,2105
京急大師線,下り,2182,普通,小島新田,2105,平日,港町,発,2108
京急大師線,下り,2182,普通,小島新田,2105,平日,鈴木町,発,2109
京急大師線,下り,2182,普通,小島新田,2105,平日,川崎大師,発,2110
京急大師線,下り,2182,普通,小島新田,2105,平日,東門前,発,2112
京急大師線,下り,2182,普通,小島新田,2105,平日,大師橋,発,2113
京急大師線,下り,2182,普通,小島新田,2105,平日,小島新田,着,2115
京急大師線,下り,2184,普通,小島新田,2115,平日,京急川崎,発,2115
京急大師線,下り,2184,普通,小島新田,2115,平日,港町,発,2118
京急大師線,下り,2184,普通,小島新田,2115,平日,鈴木町,発,2119
京急大師線,下り,2184,普通,小島新田,2115,平日,川崎大師,発,2120
京急大師線,下り,2184,普通,小島新田,2115,平日,東門前,発,2122
京急大師線,下り,2184,普通,小島新田,2115,平日,大師橋,発,2123
京急大師線,下り,2184,普通,小島新田,2115,平日,小島新田,着,2125
京急大師線,下り,2180,普通,小島新田,2125,平日,京急川崎,発,2125
京急大師線,下り,2180,普通,小島新田,2125,平日,港町,発,2128
京急大師線,下り,2180,普通,小島新田,2125,平日,鈴木町,発,2129
京急大師線,下り,2180,普通,小島新田,2125,平日,川崎大師,発,2130
京急大師線,下り,2180,普通,小島新田,2125,平日,東門前,発,2132
京急大師線,下り,2180,普通,小島新田,2125,平日,大師橋,発,2133
京急大師線,下り,2180,普通,小島新田,2125,平日,小島新田,着,2135
京急大師線,下り,2182X,普通,小島新田,2135,平日,京急川崎,発,2135
京急大師線,下り,2182X,普通,小島新田,2135,平日,港町,発,2138
京急大師線,下り,2182X,普通,小島新田,2135,平日,鈴木町,発,2139
京急大師線,下り,2182X,普通,小島新田,2135,平日,川崎大師,発,2140
京急大師線,下り,2182X,普通,小島新田,2135,平日,東門前,発,2142
京急大師線,下り,2182X,普通,小島新田,2135,平日,大師橋,発,2143
京急大師線,下り,2182X,普通,小島新田,2135,平日,小島新田,着,2145
京急大師線,下り,2184X,普通,小島新田,2145,平日,京急川崎,発,2145
京急大師線,下り,2184X,普通,小島新田,2145,平日,港町,発,2148
京急大師線,下り,2184X,普通,小島新田,2145,平日,鈴木町,発,2149
京急大師線,下り,2184X,普通,小島新田,2145,平日,川崎大師,発,2150
京急大師線,下り,2184X,普通,小島新田,2145,平日,東門前,発,2152
京急大師線,下り,2184X,普通,小島新田,2145,平日,大師橋,発,2153
京急大師線,下り,2184X,普通,小島新田,2145,平日,小島新田,着,2155
京急大師線,下り,2180X,普通,小島新田,2155,平日,京急川崎,発,2155
京急大師線,下り,2180X,普通,小島新田,2155,平日,港町,発,2158
京急大師線,下り,2180X,普通,小島新田,2155,平日,鈴木町,発,2159
京急大師線,下り,2180X,普通,小島新田,2155,平日,川崎大師,発,2200
京急大師線,下り,2180X,普通,小島新田,2155,平日,東門前,発,2202
京急大師線,下り,2180X,普通,小島新田,2155,平日,大師橋,発,2203
京急大師線,下り,2180X,普通,小島新田,2155,平日,小島新田,着,2205
京急大師線,下り,2282,普通,小島新田,2205,平日,京急川崎,発,2205
京急大師線,下り,2282,普通,小島新田,2205,平日,港町,発,2208
京急大師線,下り,2282,普通,小島新田,2205,平日,鈴木町,発,2209
京急大師線,下り,2282,普通,小島新田,2205,平日,川崎大師,発,2210
京急大師線,下り,2282,普通,小島新田,2205,平日,東門前,発,2212
京急大師線,下り,2282,普通,小島新田,2205,平日,大師橋,発,2213
京急大師線,下り,2282,普通,小島新田,2205,平日,小島新田,着,2215
京急大師線,下り,2284,普通,小島新田,2215,平日,京急川崎,発,2215
京急大師線,下り,2284,普通,小島新田,2215,平日,港町,発,2218
京急大師線,下り,2284,普通,小島新田,2215,平日,鈴木町,発,2219
京急大師線,下り,2284,普通,小島新田,2215,平日,川崎大師,発,2220
京急大師線,下り,2284,普通,小島新田,2215,平日,東門前,発,2222
京急大師線,下り,2284,普通,小島新田,2215,平日,大師橋,発,2223
京急大師線,下り,2284,普通,小島新田,2215,平日,小島新田,着,2225
京急大師線,下り,2280,普通,小島新田,2225,平日,京急川崎,発,2225
京急大師線,下り,2280,普通,小島新田,2225,平日,港町,発,2228
京急大師線,下り,2280,普通,小島新田,2225,平日,鈴木町,発,2229
京急大師線,下り,2280,普通,小島新田,2225,平日,川崎大師,発,2230
京急大師線,下り,2280,普通,小島新田,2225,平日,東門前,発,2232
京急大師線,下り,2280,普通,小島新田,2225,平日,大師橋,発,2233
京急大師線,下り,2280,普通,小島新田,2225,平日,小島新田,着,2235
京急大師線,下り,2282X,普通,小島新田,2235,平日,京急川崎,発,2235
京急大師線,下り,2282X,普通,小島新田,2235,平日,港町,発,2238
京急大師線,下り,2282X,普通,小島新田,2235,平日,鈴木町,発,2239
京急大師線,下り,2282X,普通,小島新田,2235,平日,川崎大師,発,2240
京急大師線,下り,2282X,普通,小島新田,2235,平日,東門前,発,2242
京急大師線,下り,2282X,普通,小島新田,2235,平日,大師橋,発,2243
京急大師線,下り,2282X,普通,小島新田,2235,平日,小島新田,着,2245
京急大師線,下り,2280X,普通,小島新田,2252,平日,京急川崎,発,2252
京急大師線,下り,2280X,普通,小島新田,2252,平日,港町,発,2255
京急大師線,下り,2280X,普通,小島新田,2252,平日,鈴木町,発,2256
京急大師線,下り,2280X,普通,小島新田,2252,平日,川崎大師,発,2257
京急大師線,下り,2280X,普通,小島新田,2252,平日,東門前,発,2259
京急大師線,下り,2280X,普通,小島新田,2252,平日,大師橋,発,2300
京急大師線,下り,2280X,普通,小島新田,2252,平日,小島新田,着,2302
京急大師線,下り,2382,普通,小島新田,2303,平日,京急川崎,発,2303
京急大師線,下り,2382,普通,小島新田,2303,平日,港町,発,2306
京急大師線,下り,2382,普通,小島新田,2303,平日,鈴木町,発,2307
京急大師線,下り,2382,普通,小島新田,2303,平日,川崎大師,発,2308
京急大師線,下り,2382,普通,小島新田,2303,平日,東門前,発,2310
京急大師線,下り,2382,普通,小島新田,2303,平日,大師橋,発,2311
京急大師線,下り,2382,普通,小島新田,2303,平日,小島新田,着,2313
京急大師線,下り,2380,普通,小島新田,2319,平日,京急川崎,発,2319
京急大師線,下り,2380,普通,小島新田,2319,平日,港町,発,2322
京急大師線,下り,2380,普通,小島新田,2319,平日,鈴木町,発,2323
京急大師線,下り,2380,普通,小島新田,2319,平日,川崎大師,発,2324
京急大師線,下り,2380,普通,小島新田,2319,平日,東門前,発,2326
京急大師線,下り,2380,普通,小島新田,2319,平日,大師橋,発,2327
京急大師線,下り,2380,普通,小島新田,2319,平日,小島新田,着,2329
京急大師線,下り,2382X,普通,小島新田,2331,平日,京急川崎,発,2331
京急大師線,下り,2382X,普通,小島新田,2331,平日,港町,発,2334
京急大師線,下り,2382X,普通,小島新田,2331,平日,鈴木町,発,2335
京急大師線,下り,2382X,普通,小島新田,2331,平日,川崎大師,発,2336
京急大師線,下り,2382X,普通,小島新田,2331,平日,東門前,発,2338
京急大師線,下り,2382X,普通,小島新田,2331,平日,大師橋,発,2339
京急大師線,下り,2382X,普通,小島新田,2331,平日,小島新田,着,2341
京急大師線,下り,2380X,普通,小島新田,2348,平日,京急川崎,発,2348
京急大師線,下り,2380X,普通,小島新田,2348,平日,港町,発,2351
京急大師線,下り,2380X,普通,小島新田,2348,平日,鈴木町,発,2352
京急大師線,下り,2380X,普通,小島新田,2348,平日,川崎大師,発,2353
京急大師線,下り,2380X,普通,小島新田,2348,平日,東門前,発,2355
京急大師線,下り,2380X,普通,小島新田,2348,平日,大師橋,発,2356
京急大師線,下り,2380X,普通,小島新田,2348,平日,小島新田,着,2358
京急大師線,下り,2482,普通,小島新田,2402,平日,京急川崎,発,2402
京急大師線,下り,2482,普通,小島新田,2402,平日,港町,発,2405
京急大師線,下り,2482,普通,小島新田,2402,平日,鈴木町,発,2406
京急大師線,下り,2482,普通,小島新田,2402,平日,川崎大師,発,2407
京急大師線,下り,2482,普通,小島新田,2402,平日,東門前,発,2409
京急大師線,下り,2482,普通,小島新田,2402,平日,大師橋,発,2410
京急大師線,下り,2482,普通,小島新田,2402,平日,小島新田,着,2412
京急大師線,下り,2480,普通,小島新田,2419,平日,京急川崎,発,2419
京急大師線,下り,2480,普通,小島新田,2419,平日,港町,発,2422
京急大師線,下り,2480,普通,小島新田,2419,平日,鈴木町,発,2423
京急大師線,下り,2480,普通,小島新田,2419,平日,川崎大師,発,2424
京急大師線,下り,2480,普通,小島新田,2419,平日,東門前,発,2426
京急大師線,下り,2480,普通,小島新田,2419,平日,大師橋,発,2427
京急大師線,下り,2480,普通,小島新田,2419,平日,小島新田,着,2429
